Zoekwoord;Intentie;Doelpagina;Google organisch (positie);Local pack top-3? (J/N);Datum check;Concurrent #1;Notities
glazenwasser apeldoorn;Commercieel / lokaal;/ (home);;;;;Hoofdzoekwoord
glazenwasserij apeldoorn;Commercieel / lokaal;/ (home);;;;;
ramen laten wassen apeldoorn;Commercieel;/ (home);;;;;
glazenwasser apeldoorn particulier;Commercieel;/glazenwassen-particulier;;;;;
glazenwasser apeldoorn zakelijk;Commercieel;/glazenwassen-zakelijk;;;;;
glazenwasser in de buurt;Lokaal;/ (home);;;;;Hangt sterk van locatie af
glazenwasser kosten apeldoorn;Commercieel / info;/tarieven;;;;;
glazenwasser prijs;Commercieel / info;/tarieven;;;;;
glazenwasser ugchelen;Lokaal;/glazenwasser-ugchelen;;;;;
glazenwasser beekbergen;Lokaal;/glazenwasser-beekbergen;;;;;
glazenwasser loenen;Lokaal;/glazenwasser-loenen;;;;;
glazenwasser vaassen;Lokaal;/glazenwasser-vaassen;;;;;
glazenwasser twello;Lokaal;/glazenwasser-twello;;;;;
zonnepanelen reinigen apeldoorn;Commercieel;/zonnepanelen-reinigen;;;;;
gevelreiniging apeldoorn;Commercieel;/gevelreiniging;;;;;
dakgootreiniging apeldoorn;Commercieel;/dakgootreiniging;;;;;
etalage reinigen apeldoorn;Commercieel;/etalage-reinigen;;;;;
glazenwasser zonnepanelen apeldoorn;Commercieel;/zonnepanelen-reinigen;;;;;
