ORGANISCHE POSITIE (Google blauwe resultaten) - vul positienummer in (1, 2, 3... of "20+");;;;;;;;;;;;;
Zoekwoord;Doelpagina;jun-26;jul-26;aug-26;sep-26;okt-26;nov-26;dec-26;jan-27;feb-27;mrt-27;apr-27;mei-27
glazenwasser apeldoorn;/ (home);;;;;;;;;;;;
glazenwasserij apeldoorn;/ (home);;;;;;;;;;;;
ramen laten wassen apeldoorn;/ (home);;;;;;;;;;;;
glazenwasser apeldoorn particulier;/glazenwassen-particulier;;;;;;;;;;;;
glazenwasser apeldoorn zakelijk;/glazenwassen-zakelijk;;;;;;;;;;;;
glazenwasser in de buurt;/ (home);;;;;;;;;;;;
glazenwasser kosten apeldoorn;/tarieven;;;;;;;;;;;;
glazenwasser prijs;/tarieven;;;;;;;;;;;;
glazenwasser ugchelen;/glazenwasser-ugchelen;;;;;;;;;;;;
glazenwasser beekbergen;/glazenwasser-beekbergen;;;;;;;;;;;;
glazenwasser loenen;/glazenwasser-loenen;;;;;;;;;;;;
glazenwasser vaassen;/glazenwasser-vaassen;;;;;;;;;;;;
glazenwasser twello;/glazenwasser-twello;;;;;;;;;;;;
zonnepanelen reinigen apeldoorn;/zonnepanelen-reinigen;;;;;;;;;;;;
gevelreiniging apeldoorn;/gevelreiniging;;;;;;;;;;;;
dakgootreiniging apeldoorn;/dakgootreiniging;;;;;;;;;;;;
etalage reinigen apeldoorn;/etalage-reinigen;;;;;;;;;;;;
glazenwasser zonnepanelen apeldoorn;/zonnepanelen-reinigen;;;;;;;;;;;;
;;;;;;;;;;;;;
;;;;;;;;;;;;;
LOCAL PACK / KAART (sta je in de top-3 van het kaartblokje?) - vul J of N in;;;;;;;;;;;;;
Zoekwoord;Doelpagina;jun-26;jul-26;aug-26;sep-26;okt-26;nov-26;dec-26;jan-27;feb-27;mrt-27;apr-27;mei-27
glazenwasser apeldoorn;/ (home);;;;;;;;;;;;
glazenwasserij apeldoorn;/ (home);;;;;;;;;;;;
ramen laten wassen apeldoorn;/ (home);;;;;;;;;;;;
glazenwasser in de buurt;/ (home);;;;;;;;;;;;
glazenwasser ugchelen;/glazenwasser-ugchelen;;;;;;;;;;;;
glazenwasser beekbergen;/glazenwasser-beekbergen;;;;;;;;;;;;
glazenwasser loenen;/glazenwasser-loenen;;;;;;;;;;;;
glazenwasser vaassen;/glazenwasser-vaassen;;;;;;;;;;;;
glazenwasser twello;/glazenwasser-twello;;;;;;;;;;;;
zonnepanelen reinigen apeldoorn;/zonnepanelen-reinigen;;;;;;;;;;;;
gevelreiniging apeldoorn;/gevelreiniging;;;;;;;;;;;;
dakgootreiniging apeldoorn;/dakgootreiniging;;;;;;;;;;;;
etalage reinigen apeldoorn;/etalage-reinigen;;;;;;;;;;;;
;;;;;;;;;;;;;
;;;;;;;;;;;;;
CONCURRENT OP #1 (wie staat er bovenaan?) - optioneel, bv. DBS / DROS / Rotter;;;;;;;;;;;;;
Zoekwoord;Doelpagina;jun-26;jul-26;aug-26;sep-26;okt-26;nov-26;dec-26;jan-27;feb-27;mrt-27;apr-27;mei-27
glazenwasser apeldoorn;/ (home);;;;;;;;;;;;
glazenwasserij apeldoorn;/ (home);;;;;;;;;;;;
ramen laten wassen apeldoorn;/ (home);;;;;;;;;;;;
